{"cameraMode":{"drawMode":0,"name":"Shaded","section":"Shading Mode"},"sceneLighting":true,"audioPlay":false,"sceneViewState":{"m_AlwaysRefresh":false,"showFog":true,"showSkybox":true,"showFlares":true,"showImageEffects":true,"showParticleSystems":true,"showVisualEffectGraphs":true,"m_FxEnabled":true},"in2DMode":false,"pivot":{"x":2.2283620834350588,"y":2.559328556060791,"z":0.530853271484375},"rotation":{"x":0.16272246837615968,"y":-0.024563949555158616,"z":0.004052022472023964,"w":0.9863626956939697},"size":10.480658531188965,"orthographic":false}